COUNTY,2012_NEW_HOMES,2013_NEW_HOMES,2014_NEW_HOMES,2015_NEW_HOMES,2016_NEW_HOMES,2017_NEW_HOMES,2018_NEW_HOMES,2019_NEW_HOMES,2020_NEW_HOMES,2021_NEW_HOMES,2022_NEW_HOMES,2023_NEW_HOMES,Unnamed: 13_x,2012_NEW_HOMES,2013_NEW_HOMES,2014_NEW_HOMES,2015_NEW_HOMES,2016_NEW_HOMES,2017_NEW_HOMES,2018_NEW_HOMES,2019_NEW_HOMES,2020_NEW_HOMES,2021_NEW_HOMES,2022_NEW_HOMES,2023_NEW_HOMES,2012_EXISTING_HOMES,2013_EXISTING_HOMES,2014_EXISTING_HOMES,2015_EXISTING_HOMES,2016_EXISTING_HOMES,2017_EXISTING_HOMES,2018_EXISTING_HOMES,2019_EXISTING_HOMES,2020_EXISTING_HOMES,2021_EXISTING_HOMES,2022_EXISTING_HOMES,2023_EXISTING_HOMES,Unnamed: 13_y,2012_EXISTING_HOMES,2013_EXISTING_HOMES,2014_EXISTING_HOMES,2015_EXISTING_HOMES,2016_EXISTING_HOMES,2017_EXISTING_HOMES,2018_EXISTING_HOMES,2019_EXISTING_HOMES,2020_EXISTING_HOMES,2021_EXISTING_HOMES,2022_EXISTING_HOMES,2023_EXISTING_HOMES,OBJECTID,GEOID,STATE,COUNTY_CODE,STUSAB,STATE_NAME,ALL_PERMITS_1980,ALL_PERMITS_1981,ALL_PERMITS_1982,ALL_PERMITS_1983,ALL_PERMITS_1984,ALL_PERMITS_1985,ALL_PERMITS_1986,ALL_PERMITS_1987,ALL_PERMITS_1988,ALL_PERMITS_1989,ALL_PERMITS_1990,ALL_PERMITS_1991,ALL_PERMITS_1992,ALL_PERMITS_1993,ALL_PERMITS_1994,ALL_PERMITS_1995,ALL_PERMITS_1996,ALL_PERMITS_1997,ALL_PERMITS_1998,ALL_PERMITS_1999,ALL_PERMITS_2000,ALL_PERMITS_2001,ALL_PERMITS_2002,ALL_PERMITS_2003,ALL_PERMITS_2004,ALL_PERMITS_2005,ALL_PERMITS_2006,ALL_PERMITS_2007,ALL_PERMITS_2008,ALL_PERMITS_2009,ALL_PERMITS_2010,ALL_PERMITS_2011,ALL_PERMITS_2012,ALL_PERMITS_2013,ALL_PERMITS_2014,ALL_PERMITS_2015,ALL_PERMITS_2016,ALL_PERMITS_2017,ALL_PERMITS_2018,ALL_PERMITS_2019,ALL_PERMITS_2020,ALL_PERMITS_2021,ALL_PERMITS_2022
Anderson,3,25,22,26,34,40,47,56,15,241,151,46,,171020,135000,172900,174900,209250,200531,221500,237450,239900,276480,320335,357450,569,624,654,798,890,937,1017,1025,1286,1367,1279,942,,124000,122750,126500,128000,136750,134000,144900,159000,171450,200000,233000,260250,2037,47001,47,1,TN,Tennessee,583.0,331.0,493.0,349.0,429.0,377.0,420.0,373.0,363.0,487.0,394.0,277.0,378.0,388.0,389.0,237.0,274.0,230.0,272.0,216.0,212.0,220.0,330.0,308.0,276.0,304.0,340.0,279.0,165.0,111.0,146.0,64.0,70.0,103.0,173.0,120.0,128.0,141.0,198.0,164.0,436.0,458,396.0
Bedford,12,11,36,51,73,124,137,174,33,257,215,246,,111950,109900,122200,138200,147000,179900,191900,215063,232000,250925,332477,314995,281,376,459,556,652,645,681,649,864,768,612,582,,100000,109950,114000,117500,127950,140000,151000,165000,199900,225000,270000,283200,2194,47003,47,3,TN,Tennessee,15.0,43.0,14.0,32.0,51.0,97.0,49.0,88.0,145.0,57.0,52.0,21.0,34.0,42.0,56.0,49.0,68.0,85.0,31.0,64.0,61.0,194.0,244.0,305.0,584.0,459.0,374.0,222.0,183.0,196.0,127.0,58.0,66.0,74.0,171.0,161.0,191.0,237.0,258.0,313.0,335.0,390,458.0
Benton,1,0,3,0,1,2,3,1,1,4,7,6,,120000,,191000,,110000,61500,140000,143500,129900,187000,146200,167500,98,137,123,139,138,158,177,147,195,229,207,168,,76750,72000,75000,75000,90000,84950,80000,95500,120500,139900,139500,143750,1399,47005,47,5,TN,Tennessee,7.0,10.0,6.0,8.0,89.0,8.0,5.0,4.0,44.0,11.0,12.0,4.0,6.0,4.0,5.0,48.0,7.0,4.0,3.0,6.0,5.0,4.0,6.0,6.0,9.0,5.0,5.0,4.0,3.0,0.0,0.0,50.0,2.0,5.0,0.0,3.0,10.0,23.0,15.0,16.0,18.0,4,11.0
Bledsoe,1,0,1,0,0,0,3,2,1,2,4,9,,195000,,129800,,,,142000,157700,152000,227450,294000,265000,30,45,40,55,63,52,61,64,82,68,92,68,,114700,80000,92500,105900,96000,105500,134500,138000,127500,164750,184500,173200,1960,47007,47,7,TN,Tennessee,0.0,0.0,0.0,0.0,0.0,0.0,0.0,0.0,0.0,0.0,0.0,0.0,0.0,0.0,0.0,0.0,0.0,0.0,0.0,0.0,0.0,0.0,0.0,0.0,0.0,0.0,0.0,0.0,0.0,0.0,0.0,0.0,0.0,0.0,0.0,0.0,0.0,0.0,0.0,0.0,0.0,0,0.0
Blount,114,185,166,194,243,323,376,429,101,481,273,209,,180400,209900,214950,219900,222600,232300,252423,264095,289900,308935,400000,479900,858,1113,1241,1477,1646,1961,1999,1962,2506,2353,1649,1454,,164600,165000,160000,166000,170500,179900,190000,205000,239543,273000,320000,353000,256,47009,47,9,TN,Tennessee,200.0,119.0,88.0,288.0,126.0,303.0,193.0,201.0,167.0,116.0,141.0,133.0,200.0,210.0,236.0,212.0,203.0,195.0,153.0,169.0,188.0,205.0,460.0,1009.0,1042.0,1007.0,950.0,710.0,486.0,213.0,207.0,188.0,335.0,370.0,608.0,631.0,744.0,887.0,868.0,893.0,907.0,922,852.0
Bradley,78,102,89,126,178,183,184,213,60,325,342,296,,152000,169250,192900,189900,196107.5,214700,234900,240600,254950,271465,335000,328950,624,822,891,1018,1150,1224,1353,1385,1798,1740,1405,1164,,140000,135000,135500,145000,150000,157065,165000,174500,200050,222000,252000,272000,3174,47011,47,11,TN,Tennessee,566.0,299.0,340.0,618.0,622.0,568.0,588.0,558.0,669.0,743.0,388.0,443.0,477.0,551.0,633.0,604.0,650.0,945.0,704.0,549.0,510.0,504.0,525.0,614.0,746.0,666.0,683.0,604.0,384.0,251.0,449.0,274.0,289.0,314.0,547.0,578.0,368.0,455.0,484.0,557.0,500.0,543,711.0
Campbell,2,2,6,8,13,13,19,18,6,27,31,17,,310000,169150,154500,204450,177390,155000,169000,190500,191950,229900,305000,350000,193,211,260,300,385,397,388,455,591,577,538,432,,118000,115000,102750,116500,124900,134000,145000,145000,163000,180000,205000,219000,2039,47013,47,13,TN,Tennessee,0.0,0.0,0.0,0.0,0.0,0.0,0.0,0.0,0.0,0.0,0.0,0.0,0.0,36.0,54.0,50.0,60.0,88.0,61.0,67.0,46.0,80.0,61.0,43.0,25.0,47.0,40.0,60.0,228.0,188.0,135.0,132.0,131.0,159.0,151.0,191.0,211.0,239.0,264.0,266.0,337.0,388,129.0
Cannon,3,5,7,7,15,24,22,27,9,40,30,22,,107500,157900,154000,156900,175000,164900,182950,192900,169900,269250,366500,344950,86,92,107,125,131,154,130,160,185,147,171,132,,105000,110750,119000,122000,138000,149175,150000,177750,191000,225000,251000,286500,2099,47015,47,15,TN,Tennessee,62.0,13.0,6.0,24.0,0.0,58.0,4.0,2.0,7.0,4.0,3.0,0.0,2.0,0.0,0.0,0.0,0.0,1.0,1.0,1.0,8.0,14.0,17.0,9.0,7.0,5.0,9.0,8.0,5.0,3.0,7.0,9.0,11.0,12.0,11.0,11.0,13.0,15.0,7.0,30.0,3.0,28,135.0
Carroll,0,0,0,3,0,1,0,0,,,1,5,,,,,192000,,84000,,,,,405000,181000,171,186,180,212,232,256,254,251,313,356,319,310,,63500,67500,67500,72400,68800,79125,87250,85000,94000,116500,125000,116450,1398,47017,47,17,TN,Tennessee,6.0,15.0,6.0,45.0,45.0,47.0,23.0,35.0,34.0,25.0,66.0,21.0,35.0,19.0,32.0,30.0,35.0,18.0,18.0,14.0,13.0,27.0,38.0,37.0,13.0,24.0,11.0,9.0,11.0,88.0,59.0,6.0,2.0,6.0,5.0,6.0,6.0,6.0,3.0,3.0,8.0,13,7.0
Carter,5,7,9,9,13,27,15,17,4,35,24,14,,99000,148000,144900,144000,143000,143600,151990,169000,214703,259900,282400,330000,299,319,370,466,487,583,596,603,744,848,729,541,,103200,112000,101750,110000,119000,115400,125000,134000,147000,170000,195000,215000,2228,47019,47,19,TN,Tennessee,130.0,28.0,31.0,34.0,88.0,17.0,22.0,39.0,29.0,30.0,31.0,21.0,38.0,16.0,20.0,46.0,34.0,43.0,26.0,95.0,17.0,37.0,30.0,20.0,300.0,287.0,187.0,200.0,142.0,106.0,143.0,80.0,61.0,97.0,51.0,110.0,160.0,113.0,127.0,127.0,157.0,180,171.0
Cheatham,13,10,30,39,41,91,160,197,95,131,147,111,,207000,194121,196450,200000,240850,236700,239900,249500,254440,345000,380000,398900,304,375,398,518,582,565,505,499,784,634,594,492,,151021,155000,155000,159000,176950,187000,200000,230000,255000,300000,346750,352750,2377,47021,47,21,TN,Tennessee,154.0,104.0,123.0,154.0,167.0,274.0,359.0,429.0,374.0,321.0,335.0,282.0,300.0,338.0,376.0,447.0,481.0,556.0,369.0,371.0,236.0,252.0,325.0,367.0,291.0,258.0,295.0,231.0,142.0,282.0,50.0,45.0,49.0,61.0,107.0,121.0,173.0,293.0,292.0,344.0,257.0,407,301.0
Chester,14,17,9,10,15,24,17,11,6,12,11,19,,125950,122900,128500,136700,134900,136900,136000,184900,201950,179900,215000,224855,94,101,123,132,151,164,147,190,188,163,190,112,,90450,110000,95100,112000,112200,113175,116000,126000,142500,162000,180000,189900,2890,47023,47,23,TN,Tennessee,27.0,24.0,133.0,161.0,161.0,137.0,119.0,92.0,89.0,22.0,41.0,34.0,24.0,34.0,44.0,48.0,41.0,55.0,84.0,75.0,63.0,34.0,40.0,39.0,40.0,115.0,45.0,42.0,27.0,30.0,27.0,11.0,19.0,14.0,8.0,13.0,20.0,24.0,21.0,25.0,20.0,13,32.0
Claiborne,5,8,7,12,15,9,15,15,6,23,16,11,,150000,132500,154900,145400,166150,157300,167000,168466,179250,235000,246950,279500,117,144,136,185,197,255,275,276,319,350,352,274,,114000,114000,97750,112900,117500,120000,120000,126500,143500,165000,199450,193000,1631,47025,47,25,TN,Tennessee,132.0,108.0,171.0,148.0,199.0,144.0,163.0,144.0,155.0,137.0,129.0,143.0,126.0,132.0,167.0,200.0,248.0,253.0,301.0,274.0,254.0,248.0,267.0,193.0,192.0,175.0,173.0,139.0,124.0,113.0,108.0,89.0,50.0,78.0,125.0,87.0,99.0,115.0,93.0,75.0,75.0,81,82.0
Clay,1,0,0,0,0,0,0,0,,1,1,3,,107000,,,,,,,,,146000,199900,159900,34,32,40,42,67,52,70,74,62,62,66,57,,62500,58750,83250,73000,82000,77450,95200,98500,115000,137500,137150,165000,2171,47027,47,27,TN,Tennessee,9.0,43.0,3.0,4.0,4.0,0.0,0.0,0.0,0.0,0.0,0.0,0.0,0.0,0.0,0.0,0.0,0.0,0.0,0.0,0.0,0.0,0.0,0.0,0.0,0.0,0.0,0.0,0.0,0.0,0.0,0.0,0.0,0.0,1.0,7.0,0.0,0.0,0.0,0.0,0.0,22.0,27,26.0
Cocke,3,4,8,9,7,11,8,19,5,17,18,19,,147000,183150,169550,157300,143000,149000,162000,164082,207000,261275,292400,338250,127,135,146,183,224,241,267,279,323,383,371,273,,98050,105000,110000,115000,109950,116500,123000,135000,135000,172000,205000,224000,2041,47029,47,29,TN,Tennessee,7.0,26.0,2.0,3.0,5.0,5.0,5.0,44.0,58.0,49.0,45.0,37.0,44.0,41.0,40.0,40.0,37.0,39.0,36.0,36.0,6.0,0.0,0.0,4.0,4.0,4.0,4.0,3.0,3.0,2.0,2.0,4.0,0.0,1.0,1.0,2.0,6.0,0.0,0.0,5.0,3.0,0,0.0
Coffee,26,32,45,71,103,115,184,192,51,187,159,153,,228450,130962.5,145000,138000,132900,159900,172950,209450,215000,276000,359900,344900,406,505,524,642,771,757,770,740,860,862,775,592,,109400,112000,117250,122650,132500,134000,149950,161250,198450,221500,257000,275000,1559,47031,47,31,TN,Tennessee,247.0,78.0,37.0,134.0,68.0,87.0,100.0,110.0,173.0,142.0,153.0,108.0,98.0,127.0,119.0,118.0,130.0,119.0,137.0,89.0,224.0,109.0,170.0,173.0,197.0,545.0,516.0,492.0,274.0,144.0,70.0,62.0,89.0,112.0,129.0,132.0,206.0,316.0,262.0,330.0,214.0,210,261.0
Crockett,10,6,8,11,12,9,8,4,1,10,2,2,,115250,123900,127400,124500,138900,140000,154900,177500,169900,212500,309900,384450,89,91,95,113,104,116,141,156,176,175,207,140,,75000,72900,74900,75000,79675,95000,93000,86500,101000,125000,133000,145450,1396,47033,47,33,TN,Tennessee,0.0,0.0,0.0,0.0,0.0,0.0,0.0,0.0,0.0,0.0,0.0,0.0,0.0,0.0,13.0,2.0,2.0,5.0,5.0,3.0,7.0,13.0,4.0,2.0,2.0,10.0,3.0,3.0,34.0,3.0,1.0,0.0,0.0,0.0,2.0,0.0,0.0,0.0,0.0,0.0,38.0,36,26.0
Cumberland,44,46,55,58,76,97,122,149,48,137,117,123,,160250,176000,175900,185750,180000,188500,179900,180000,188750,255500,350000,379900,488,606,676,799,815,1030,1073,971,1108,1100,1132,821,,135000,140000,135000,139000,144800,150000,155000,176500,194500,242700,264750,285000,2881,47035,47,35,TN,Tennessee,31.0,40.0,71.0,100.0,845.0,130.0,28.0,62.0,31.0,88.0,69.0,50.0,64.0,79.0,144.0,87.0,173.0,100.0,86.0,115.0,101.0,115.0,56.0,102.0,166.0,124.0,183.0,162.0,113.0,69.0,69.0,176.0,182.0,262.0,246.0,262.0,247.0,285.0,914.0,405.0,443.0,477,425.0
Davidson,912,1176,1493,2597,2889,3271,2939,3097,850,3418,3091,2853,,198964.5,257775,290300,331825,340000,345000,365700,379900,408950,422175,467525,483300,5964,7779,9374,10744,10710,11284,11929,12206,14834,15349,11407,8605,,177500,180000,190000,201000,228950,245000,260000,275500,320000,354900,418000,420000,3171,47037,47,37,TN,Tennessee,1916.0,1349.0,2302.0,7085.0,12780.0,10580.0,8322.0,3707.0,3944.0,1972.0,1692.0,1594.0,2030.0,2446.0,2979.0,3066.0,4887.0,4162.0,3335.0,3927.0,3087.0,3552.0,3465.0,4313.0,4808.0,5020.0,5128.0,5543.0,2369.0,1660.0,1608.0,1966.0,2963.0,4038.0,6413.0,8197.0,9566.0,6410.0,6934.0,9915.0,13324.0,16310,15163.0
Decatur,1,1,0,1,2,2,3,1,3,5,1,,,92000,165000,,35000,80500,73250,112450,122500,246400,92900,409900,,78,78,62,93,112,115,118,129,162,190,135,132,,82220.5,70975,67500,80000,81375,90500,89950,100000,92000,125000,144500,147500,562,47039,47,39,TN,Tennessee,2.0,2.0,0.0,54.0,61.0,45.0,34.0,23.0,32.0,4.0,4.0,4.0,10.0,3.0,4.0,3.0,3.0,9.0,3.0,3.0,6.0,15.0,11.0,10.0,8.0,2.0,3.0,2.0,5.0,0.0,0.0,0.0,0.0,0.0,0.0,0.0,0.0,0.0,0.0,0.0,0.0,3,5.0
DeKalb,4,8,9,6,11,21,30,55,19,42,70,55,,114500,105500,119900,161900,125500,142900,154900,160000,171900,273500,328950,315000,115,117,169,189,217,275,310,226,297,397,343,271,,100000,96000,94500,110000,123900,125000,131750,147950,179900,200000,240000,238500,2480,47041,47,41,TN,Tennessee,87.0,105.0,81.0,77.0,6.0,10.0,16.0,14.0,16.0,14.0,16.0,7.0,5.0,5.0,33.0,30.0,15.0,23.0,7.0,4.0,10.0,9.0,8.0,25.0,25.0,25.0,74.0,25.0,11.0,7.0,6.0,5.0,6.0,54.0,38.0,51.0,62.0,68.0,101.0,109.0,121.0,147,146.0
Dickson,33,37,49,72,100,125,128,207,119,269,224,223,,152500,159900,168275,197450,192500,215000,239900,238365,245500,294900,350000,356855,344,445,544,599,697,678,700,698,898,889,824,666,,128900,130400,135000,140000,154900,170000,189975,200000,230000,257200,303250,316250,2280,47043,47,43,TN,Tennessee,99.0,64.0,115.0,72.0,12.0,30.0,50.0,93.0,80.0,55.0,195.0,146.0,205.0,295.0,271.0,385.0,304.0,298.0,347.0,541.0,314.0,407.0,371.0,242.0,297.0,266.0,352.0,311.0,154.0,107.0,109.0,88.0,146.0,109.0,202.0,211.0,260.0,320.0,356.0,359.0,463.0,617,596.0
Dyer,6,17,13,25,20,11,11,19,6,14,10,20,,145950,174900,215000,193800,178450,220000,159900,174000,94000,204200,303700,331750,258,318,360,355,386,437,387,387,464,471,425,362,,107500,107750,99000,105000,110000,114000,105000,129000,126000,144000,139900,160000,2167,47045,47,45,TN,Tennessee,300.0,276.0,87.0,60.0,114.0,162.0,189.0,329.0,257.0,182.0,152.0,132.0,173.0,182.0,212.0,228.0,292.0,210.0,264.0,235.0,274.0,120.0,138.0,125.0,140.0,90.0,135.0,89.0,68.0,47.0,58.0,48.0,56.0,54.0,56.0,64.0,76.0,64.0,79.0,65.0,66.0,62,63.0
Fayette,89,125,110,147,147,164,146,170,33,343,335,262,,196750,229000,231450,249900,243000,266250,283949,312808,398900,334000,366850,378866,251,317,432,408,508,579,573,601,939,771,596,440,,175000,170000,175950,176900,185000,198900,221500,235000,270500,290000,325000,324625,1074,47047,47,47,TN,Tennessee,86.0,68.0,61.0,75.0,102.0,102.0,171.0,169.0,175.0,137.0,170.0,193.0,289.0,195.0,210.0,200.0,218.0,219.0,264.0,233.0,162.0,158.0,152.0,341.0,664.0,708.0,670.0,660.0,277.0,119.0,159.0,125.0,187.0,210.0,235.0,236.0,360.0,315.0,328.0,406.0,510.0,490,459.0
Fentress,10,5,7,4,11,11,14,24,14,55,54,65,,108250,119900,114000,122000,120000,119000,133700,155500,162000,222000,307500,320000,72,94,130,121,149,171,142,162,243,219,198,170,,89950,89950,96900,87700,103629,109000,114500,125000,148500,150000,192444.5,220000,881,47049,47,49,TN,Tennessee,1.0,59.0,5.0,29.0,12.0,13.0,32.0,2.0,1.0,1.0,33.0,5.0,44.0,18.0,4.0,6.0,6.0,6.0,6.0,4.0,4.0,4.0,4.0,4.0,4.0,4.0,2.0,0.0,0.0,0.0,0.0,0.0,0.0,0.0,0.0,2.0,0.0,0.0,0.0,0.0,0.0,0,0.0
Franklin,14,22,26,22,27,34,62,59,45,169,177,107,,121900,120950,129000,162652.5,152500,172450,195079,206500,310190,325215,451050,312000,261,319,353,451,487,519,583,568,768,716,603,526,,121000,115000,126000,132210,133000,140900,150000,160500,206000,215500,254000,267000,660,47051,47,51,TN,Tennessee,58.0,25.0,26.0,45.0,70.0,41.0,80.0,62.0,71.0,58.0,156.0,191.0,192.0,329.0,280.0,303.0,375.0,379.0,322.0,322.0,306.0,247.0,304.0,261.0,294.0,252.0,283.0,254.0,164.0,122.0,85.0,125.0,100.0,96.0,110.0,127.0,139.0,208.0,211.0,219.0,302.0,420,375.0
Gibson,53,60,48,42,46,40,35,48,2,98,94,86,,148000,149450,164900,187400,209950,225950,259900,239950,250750,252100,329900,341750,356,401,422,468,489,612,608,665,794,866,709,557,,91000,106900,92810,99250,105000,97475,105000,109900,137350,130000,155000,165000,1933,47053,47,53,TN,Tennessee,45.0,24.0,89.0,36.0,144.0,74.0,40.0,53.0,93.0,57.0,148.0,165.0,141.0,137.0,164.0,149.0,153.0,162.0,218.0,214.0,151.0,166.0,172.0,180.0,246.0,285.0,382.0,279.0,180.0,157.0,132.0,161.0,104.0,171.0,108.0,98.0,95.0,93.0,109.0,145.0,165.0,194,150.0
Giles,3,6,8,10,12,8,23,18,4,36,27,26,,99000,154500,120600,137194.5,137500,143750,149900,152500,230750,199950,298000,279900,158,176,201,238,222,274,263,240,268,318,385,275,,76250,92250,94000,96750,109700,103000,125000,137000,142250,169900,189900,215000,1220,47055,47,55,TN,Tennessee,10.0,17.0,12.0,23.0,23.0,82.0,6.0,8.0,22.0,24.0,18.0,24.0,49.0,43.0,27.0,66.0,51.0,48.0,26.0,26.0,49.0,105.0,10.0,16.0,58.0,14.0,17.0,16.0,13.0,10.0,5.0,4.0,8.0,59.0,68.0,68.0,79.0,95.0,103.0,104.0,123.0,178,165.0
Grainger,1,3,4,9,9,15,8,6,8,23,24,35,,150000,161000,136000,160000,154100,170000,169900,176250,182400,235700,312450,324900,88,96,98,107,96,130,121,143,228,247,229,181,,114200,123850,138000,139200,137000,134750,134900,155000,169200,194000,217000,234500,646,47057,47,57,TN,Tennessee,0.0,0.0,0.0,0.0,0.0,0.0,0.0,0.0,0.0,0.0,0.0,0.0,0.0,0.0,0.0,0.0,0.0,0.0,0.0,0.0,0.0,0.0,0.0,0.0,5.0,5.0,4.0,5.0,6.0,2.0,2.0,0.0,0.0,46.0,47.0,37.0,41.0,47.0,58.0,57.0,66.0,82,69.0
Greene,12,15,13,16,22,31,36,56,20,69,76,121,,151400,169000,147000,165000,193250,155000,202450,221500,238500,260000,315000,319000,281,369,481,546,605,620,617,702,844,824,838,705,,110000,116000,111073,110000,113000,119209,128000,132950,149950,161750,200000,225000,2814,47059,47,59,TN,Tennessee,205.0,105.0,71.0,205.0,177.0,183.0,179.0,183.0,121.0,174.0,116.0,112.0,168.0,218.0,258.0,274.0,348.0,356.0,291.0,310.0,282.0,279.0,297.0,348.0,393.0,489.0,378.0,292.0,185.0,122.0,136.0,107.0,128.0,143.0,94.0,105.0,127.0,132.0,171.0,137.0,210.0,260,237.0
Grundy,1,3,1,1,0,1,2,16,4,14,22,11,,120000,45000,15000,163000,,139900,147500,144977,173000,292625,400000,399000,60,63,59,62,66,90,67,59,86,127,158,101,,72400,75000,84000,89000,96750,91000,84954,129900,112000,157000,178350,175000,231,47061,47,61,TN,Tennessee,0.0,0.0,0.0,0.0,0.0,0.0,0.0,0.0,0.0,0.0,0.0,0.0,0.0,0.0,0.0,0.0,0.0,0.0,0.0,0.0,0.0,0.0,0.0,0.0,0.0,0.0,0.0,0.0,0.0,0.0,0.0,0.0,2.0,4.0,3.0,3.0,4.0,4.0,4.0,4.0,4.0,5,5.0
Hamblen,15,22,22,30,29,28,43,56,14,50,119,172,,154900,187050,169100,163250,169000,156900,217900,200950,197700,301150,318865,303770,347,398,471,604,656,703,818,772,899,1001,848,684,,126000,124450,125000,125500,130000,135000,140000,148500,161000,189500,224200,227250,1098,47063,47,63,TN,Tennessee,125.0,83.0,128.0,121.0,125.0,39.0,67.0,83.0,123.0,49.0,100.0,72.0,81.0,360.0,409.0,442.0,415.0,430.0,417.0,327.0,308.0,292.0,159.0,211.0,238.0,284.0,267.0,254.0,178.0,79.0,80.0,58.0,89.0,53.0,53.0,79.0,93.0,133.0,145.0,134.0,270.0,581,322.0
Hamilton,580,603,632,674,784,883,812,1079,364,1160,1242,1170,,245510,259980,275000,279950,290000,291350,322067,338000,350000,378199,432892.5,450050,3103,3243,3827,4430,5226,5482,5811,5889,6946,7517,6162,4921,,160000,160000,161000,169400,177000,180000,187000,205000,247000,264900,306950,317000,1820,47065,47,65,TN,Tennessee,1830.0,799.0,920.0,1716.0,1557.0,3479.0,2706.0,3074.0,2086.0,1486.0,1032.0,1158.0,1320.0,1482.0,1620.0,1526.0,1661.0,1894.0,1672.0,1705.0,1426.0,1739.0,1699.0,2011.0,2074.0,2200.0,2271.0,1835.0,965.0,796.0,817.0,1095.0,1082.0,1574.0,2036.0,1639.0,2049.0,2133.0,1687.0,2013.0,2364.0,2804,2344.0
Hancock,0,0,0,0,0,0,0,0,,4,,1,,,,,,,,,,,77500,,215000,22,20,23,31,22,28,35,32,52,44,61,38,,73000,69500,80000,72900,87500,74500,70759,95000,97500,127700,134900,157500,2144,47067,47,67,TN,Tennessee,0.0,0.0,53.0,7.0,3.0,5.0,4.0,5.0,1.0,4.0,49.0,46.0,2.0,1.0,2.0,3.0,3.0,3.0,1.0,3.0,3.0,2.0,0.0,2.0,1.0,0.0,7.0,0.0,2.0,3.0,0.0,0.0,2.0,0.0,0.0,0.0,1.0,0.0,0.0,0.0,1.0,0,0.0
Hardeman,2,1,5,1,3,5,1,3,,,7,2,,124025,78000,119000,154000,169100,154000,174500,194440,,,212900,270257.5,80,60,90,92,130,141,118,142,172,228,223,171,,79750,72000,79250,83800,90500,88000,80000,89950,93400,102500,134000,145000,1817,47069,47,69,TN,Tennessee,19.0,61.0,3.0,17.0,17.0,17.0,16.0,16.0,17.0,30.0,31.0,23.0,23.0,20.0,16.0,16.0,108.0,94.0,129.0,119.0,97.0,88.0,87.0,72.0,77.0,85.0,95.0,101.0,50.0,41.0,41.0,24.0,26.0,28.0,23.0,88.0,24.0,24.0,24.0,27.0,32.0,45,53.0
Hardin,10,9,6,6,21,17,25,33,10,21,33,43,,145358.5,118600,142450,268500,133000,174000,173250,165000,191250,249000,311800,315000,235,243,259,303,313,377,326,370,537,533,444,379,,106000,113000,100000,108000,119900,120000,125000,117500,155800,169900,183550,200000,2887,47071,47,71,TN,Tennessee,97.0,86.0,52.0,48.0,8.0,8.0,51.0,17.0,68.0,16.0,13.0,14.0,12.0,12.0,27.0,11.0,16.0,21.0,49.0,36.0,10.0,40.0,97.0,34.0,19.0,25.0,33.0,25.0,23.0,9.0,15.0,11.0,58.0,7.0,8.0,9.0,7.0,11.0,22.0,14.0,8.0,12,34.0
Hawkins,17,16,7,5,9,14,19,15,8,34,50,50,,129000,167500,140000,171600,168000,275400,235000,197000,200000,200000,272778,301112.5,236,322,374,388,433,536,525,518,641,740,610,540,,120500,120000,117667,117250,126000,129050,125000,139900,150000,168500,187700,220000,257,47073,47,73,TN,Tennessee,115.0,122.0,29.0,175.0,18.0,45.0,41.0,37.0,107.0,50.0,107.0,76.0,102.0,109.0,102.0,108.0,104.0,114.0,168.0,200.0,138.0,86.0,92.0,92.0,119.0,129.0,109.0,76.0,46.0,31.0,25.0,15.0,17.0,78.0,65.0,91.0,94.0,112.0,126.0,121.0,149.0,172,191.0
Haywood,3,2,1,4,1,2,1,1,,2,3,5,,260000,144000,259000,124750,123000,84000,247100,264900,,284900,188400,200000,72,80,59,76,104,93,124,93,147,240,184,121,,93000,102057,87500,97500,101500,116900,98250,119000,124400,97500,134500,155000,1395,47075,47,75,TN,Tennessee,142.0,47.0,53.0,67.0,22.0,76.0,57.0,46.0,87.0,23.0,14.0,12.0,25.0,26.0,34.0,34.0,37.0,35.0,68.0,64.0,59.0,60.0,62.0,42.0,44.0,55.0,56.0,62.0,12.0,67.0,17.0,12.0,101.0,19.0,18.0,16.0,19.0,14.0,15.0,16.0,18.0,25,19.0
Henderson,7,3,3,7,5,10,6,7,4,10,7,7,,115750,149900,149000,151500,169900,212250,214500,229900,239175,244000,295000,265000,148,154,159,190,221,239,249,239,294,308,264,212,,93750,97500,98000,88000,109000,111000,109900,120000,121750,150000,164325,165500,1934,47077,47,77,TN,Tennessee,19.0,7.0,128.0,54.0,27.0,15.0,19.0,32.0,41.0,35.0,30.0,30.0,38.0,43.0,47.0,93.0,89.0,74.0,92.0,73.0,27.0,25.0,28.0,32.0,29.0,33.0,33.0,19.0,9.0,17.0,53.0,9.0,30.0,6.0,1.0,9.0,4.0,8.0,16.0,16.0,10.0,20,20.0
Henry,9,6,10,20,14,18,5,18,3,18,17,15,,127150,130000,125150,149000,134975,142700,137700,179200,160000,272400,289900,199000,265,265,288,297,292,347,356,327,404,511,399,311,,83000,90000,98000,97000,94500,90000,109500,105000,122750,139000,159000,169000,601,47079,47,79,TN,Tennessee,171.0,159.0,8.0,16.0,19.0,92.0,67.0,15.0,15.0,30.0,8.0,12.0,35.0,32.0,25.0,23.0,54.0,126.0,40.0,27.0,17.0,38.0,23.0,124.0,39.0,45.0,33.0,28.0,18.0,13.0,12.0,11.0,14.0,18.0,13.0,15.0,17.0,18.0,21.0,18.0,18.0,22,22.0
Hickman,0,3,2,6,2,4,12,24,7,14,22,20,,,143900,151000,135500,145950,178500,203289,219847,230759,294750,306500,309900,78,80,109,201,196,149,186,186,225,164,144,156,,90000,115000,111000,115000,118825,115000,134900,150270,160500,181125,193000,252000,2110,47081,47,81,TN,Tennessee,129.0,3.0,1.0,3.0,3.0,5.0,3.0,6.0,23.0,10.0,12.0,15.0,6.0,18.0,24.0,27.0,25.0,33.0,27.0,10.0,0.0,4.0,28.0,8.0,5.0,4.0,4.0,0.0,3.0,1.0,0.0,25.0,6.0,32.0,50.0,53.0,55.0,67.0,73.0,110.0,84.0,131,124.0
Houston,1,1,2,1,2,3,1,2,,3,2,5,,108000,97000,173950,150000,130000,219700,100000,165750,,320000,209000,294900,37,42,49,59,66,84,51,65,74,95,89,66,,75000,82500,90000,100000,95000,90056,107000,128000,126200,160000,190000,205000,1522,47083,47,83,TN,Tennessee,15.0,2.0,1.0,1.0,1.0,1.0,1.0,1.0,1.0,1.0,6.0,0.0,4.0,0.0,1.0,0.0,0.0,1.0,1.0,6.0,2.0,2.0,2.0,1.0,3.0,4.0,1.0,1.0,1.0,2.0,3.0,1.0,2.0,0.0,1.0,1.0,0.0,1.0,0.0,2.0,0.0,1,2.0
Humphreys,0,2,5,0,2,1,4,8,4,12,18,17,,,159000,108500,,80750,170000,243950,173950,220950,277450,254000,255000,118,144,161,162,185,190,216,183,210,267,239,201,,86500,90150,90000,92750,110000,114000,115000,124150,149200,161000,180000,192500,1502,47085,47,85,TN,Tennessee,19.0,19.0,72.0,9.0,5.0,7.0,17.0,14.0,12.0,18.0,15.0,16.0,26.0,25.0,22.0,27.0,37.0,25.0,30.0,35.0,20.0,25.0,59.0,26.0,29.0,32.0,25.0,23.0,8.0,17.0,58.0,1.0,4.0,3.0,10.0,10.0,8.0,10.0,11.0,10.0,14.0,20,43.0
Jackson,2,1,1,0,1,1,1,3,5,2,6,7,,104450,45000,97900,,155200,116000,30500,162500,180000,248000,302250,297000,39,82,66,83,98,116,95,109,98,115,141,97,,75000,83250,82500,84000,82500,85000,94500,92000,123950,150000,177000,150000,2159,47087,47,87,TN,Tennessee,0.0,0.0,3.0,2.0,0.0,0.0,0.0,0.0,0.0,0.0,0.0,0.0,0.0,0.0,0.0,8.0,4.0,0.0,0.0,0.0,0.0,0.0,0.0,0.0,0.0,0.0,0.0,0.0,0.0,0.0,0.0,0.0,0.0,0.0,0.0,0.0,0.0,0.0,0.0,0.0,0.0,0,0.0
Jefferson,10,25,40,56,46,65,57,80,70,150,258,292,,160000,134900,135580,140648,139950,138055,170000,159900,156000,249950,291700,295585,317,373,456,534,579,621,707,651,778,853,704,567,,140000,134900,136000,139700,140000,150000,160000,174000,200000,229000,259000,275000,1005,47089,47,89,TN,Tennessee,34.0,124.0,42.0,29.0,5.0,27.0,34.0,16.0,4.0,13.0,38.0,42.0,66.0,174.0,193.0,323.0,286.0,216.0,309.0,376.0,320.0,300.0,365.0,387.0,468.0,463.0,417.0,472.0,161.0,138.0,124.0,76.0,78.0,118.0,98.0,109.0,143.0,135.0,157.0,263.0,212.0,330,578.0
Johnson,0,1,1,0,0,2,0,2,2,,2,,,,40000,126000,,,62000,,147500,156750,,197500,,54,98,95,92,76,115,85,150,215,79,175,78,,93000,115000,116500,115000,140000,111000,115000,148500,150000,134500,215000,150000,2229,47091,47,91,TN,Tennessee,20.0,11.0,0.0,2.0,5.0,2.0,5.0,3.0,8.0,1.0,87.0,36.0,204.0,34.0,41.0,34.0,42.0,42.0,62.0,71.0,82.0,93.0,106.0,102.0,1.0,3.0,4.0,3.0,2.0,2.0,2.0,2.0,2.0,1.0,1.0,1.0,1.0,1.0,1.0,1.0,1.0,1,7.0
Knox,507,354,694,912,974,1236,876,1140,215,1746,1458,1409,,236186,234900,235065.5,"$243,460*","$274,053*",274733,304950,301631,345000,330012,395701.5,421120,3864,4631,5301,"6,946*","7,298*",8276,8714,8482,10152,9706,8028,6216,,168050,163000,166000,"$160,000*","$170,000*",170000,175137,199900,231000,260000,309825,335000,1630,47093,47,93,TN,Tennessee,2324.0,1461.0,1934.0,1601.0,1104.0,2299.0,1954.0,2636.0,2097.0,2501.0,2401.0,2368.0,2791.0,3210.0,3157.0,3343.0,4132.0,3326.0,2824.0,2910.0,2814.0,2901.0,2983.0,2961.0,4183.0,3836.0,3994.0,3357.0,1895.0,1399.0,1606.0,741.0,1299.0,1500.0,1912.0,1737.0,2122.0,2798.0,2398.0,2028.0,2978.0,2831,2503.0
Lake,0,0,0,1,0,0,0,0,,,,1,,,,,132150,,,,,,,,100000,23,23,32,24,33,37,19,28,48,60,59,30,,40000,57500,58125,51450,51000,57500,73000,75000,70000,72250,75000,75000,1194,47095,47,95,TN,Tennessee,11.0,8.0,12.0,6.0,4.0,31.0,7.0,10.0,10.0,8.0,18.0,11.0,56.0,25.0,17.0,16.0,6.0,23.0,22.0,23.0,7.0,2.0,6.0,7.0,8.0,10.0,10.0,9.0,9.0,6.0,7.0,9.0,7.0,6.0,6.0,6.0,1.0,4.0,2.0,7.0,0.0,5,2.0
Lauderdale,0,0,1,0,1,1,4,3,,,4,2,,,,149500,,37500,122000,157450,145000,,,160500,453605,94,112,117,125,143,158,146,139,179,265,236,151,,74750,71000,72000,80000,79900,81500,79500,83000,110000,120000,120000,135000,3102,47097,47,97,TN,Tennessee,13.0,8.0,37.0,17.0,61.0,29.0,24.0,93.0,77.0,24.0,144.0,142.0,152.0,97.0,149.0,181.0,118.0,93.0,106.0,98.0,104.0,106.0,155.0,183.0,149.0,132.0,114.0,94.0,62.0,35.0,33.0,29.0,31.0,37.0,14.0,11.0,14.0,22.0,27.0,28.0,32.0,32,16.0
Lawrence,7,9,13,23,21,28,49,60,24,92,82,51,,127000,164000,137500,135000,169000,194500,189500,206500,224650,231750,299000,315000,318,331,388,386,465,461,361,416,581,586,622,461,,78500,85000,85000,89000,100000,103000,100000,111000,145000,166950,185000,200000,2184,47099,47,99,TN,Tennessee,31.0,27.0,30.0,26.0,32.0,42.0,30.0,24.0,27.0,21.0,27.0,30.0,47.0,33.0,54.0,36.0,31.0,14.0,18.0,46.0,15.0,5.0,36.0,11.0,16.0,11.0,11.0,9.0,55.0,7.0,4.0,4.0,7.0,10.0,10.0,8.0,11.0,11.0,11.0,10.0,9.0,18,22.0
Lewis,0,0,1,0,1,3,5,9,1,24,17,24,,,,124407,,75000,110000,133500,134900,124900,192853.5,210000,263500,61,52,73,74,90,97,96,117,160,178,172,132,,65000,91500,105000,109200,107500,100000,125000,120000,148000,168250,185000,225000,1541,47101,47,101,TN,Tennessee,20.0,9.0,3.0,7.0,42.0,8.0,16.0,21.0,6.0,5.0,6.0,5.0,4.0,6.0,7.0,7.0,8.0,10.0,9.0,10.0,9.0,10.0,4.0,4.0,8.0,5.0,2.0,2.0,12.0,3.0,4.0,6.0,0.0,1.0,5.0,5.0,6.0,7.0,83.0,90.0,18.0,30,15.0
Lincoln,19,23,25,24,20,53,52,43,13,29,29,33,,120000,139900,149900,143250,130500,139900,149162,164450,205000,202000,271935,323000,216,251,251,276,353,385,413,402,498,517,453,344,,90000,95000,94500,101750,110000,106800,117500,134700,150000,175000,195000,215000,2415,47103,47,103,TN,Tennessee,4.0,8.0,7.0,4.0,79.0,28.0,16.0,36.0,18.0,17.0,49.0,11.0,10.0,18.0,9.0,8.0,16.0,19.0,10.0,8.0,6.0,11.0,10.0,4.0,0.0,14.0,16.0,12.0,20.0,6.0,23.0,138.0,4.0,2.0,3.0,8.0,9.0,18.0,16.0,5.0,139.0,167,153.0
Loudon,46,55,77,116,153,164,177,220,38,364,618,392,,234989.5,202900,283340,277934.5,288912,289727,292000,319250,275000,388950,392463.5,545000,369,510,569,644,756,807,850,854,1232,971,885,817,,190000,220000,206900,205000,202000,242000,239700,250000,287750,320000,356500,390000,1233,47105,47,105,TN,Tennessee,115.0,236.0,131.0,158.0,142.0,107.0,173.0,185.0,145.0,192.0,173.0,192.0,220.0,221.0,240.0,232.0,277.0,286.0,206.0,253.0,197.0,236.0,248.0,243.0,331.0,455.0,850.0,372.0,232.0,146.0,238.0,142.0,133.0,189.0,206.0,272.0,307.0,357.0,424.0,392.0,499.0,1117,704.0
Macon,22,20,40,16,33,26,26,39,18,71,74,69,,96000,122200,108802.5,114950,138000,154200,159100,169900,190950,245000,285000,306900,134,218,446,250,267,295,320,298,398,354,298,285,,86100,72000,79000,87000,103000,115000,116000,122285,163450,190000,237600,220000,879,47111,47,111,TN,Tennessee,16.0,5.0,1.0,3.0,3.0,1.0,43.0,10.0,11.0,8.0,6.0,10.0,8.0,19.0,23.0,8.0,14.0,17.0,11.0,12.0,18.0,22.0,24.0,21.0,47.0,28.0,49.0,31.0,70.0,22.0,28.0,67.0,15.0,62.0,7.0,78.0,14.0,15.0,19.0,2.0,177.0,110,136.0
Madison,119,152,124,101,122,165,149,168,42,141,158,155,,194500,191200,199400,173400,172500,189900,224900,219900,219700,265300,334700,315900,812,837,994,1039,1183,1285,1420,1550,1771,1564,1493,1155,,114282.5,114000,114900,119900,125000,127500,133500,139000,162900,186550,205000,217000,599,47113,47,113,TN,Tennessee,593.0,396.0,252.0,530.0,615.0,799.0,805.0,649.0,482.0,474.0,433.0,482.0,478.0,571.0,879.0,1070.0,664.0,672.0,885.0,852.0,593.0,763.0,644.0,722.0,688.0,624.0,695.0,501.0,370.0,223.0,222.0,163.0,501.0,198.0,195.0,201.0,223.0,395.0,234.0,241.0,252.0,294,248.0
Marion,6,7,11,12,9,16,21,23,4,24,27,21,,159550,130000,145500,147800,140000,197000,186000,209900,189000,316000,323900,310000,116,113,148,147,179,227,244,207,303,335,336,271,,112250,118700,127000,137900,120000,125000,135000,141500,170000,186500,213000,230000,243,47115,47,115,TN,Tennessee,120.0,98.0,83.0,116.0,148.0,135.0,143.0,104.0,172.0,159.0,155.0,152.0,171.0,211.0,218.0,152.0,187.0,146.0,183.0,187.0,241.0,200.0,161.0,142.0,140.0,129.0,138.0,127.0,98.0,67.0,49.0,50.0,57.0,65.0,74.0,90.0,115.0,119.0,128.0,119.0,165.0,244,258.0
Marshall,10,23,53,77,127,174,130,96,69,195,314,227,,96250,108900,127650,153900,169000,197425,219900,189999,229000,285000,346707,320000,190,240,330,397,391,485,321,357,463,602,488,400,,105500,105000,101750,115000,125000,140900,139900,160000,199900,244950,270000,293750,2193,47117,47,117,TN,Tennessee,88.0,30.0,1.0,8.0,8.0,9.0,56.0,153.0,223.0,178.0,169.0,254.0,191.0,168.0,172.0,165.0,257.0,252.0,187.0,205.0,152.0,329.0,172.0,216.0,232.0,264.0,260.0,163.0,179.0,112.0,66.0,48.0,57.0,99.0,102.0,107.0,155.0,143.0,162.0,161.0,189.0,236,239.0
Maury,132,178,238,406,525,746,835,825,191,1324,1289,1008,,172350,180000,204202,208105,232753,260500,289900,299990,280000,329994.5,414990,412282.5,688,927,1236,1345,1542,1615,1528,1657,2825,1824,1728,1264,,140000,149900,148000,165000,174531,185000,203000,229000,265700,297800,359000,364900,3091,47119,47,119,TN,Tennessee,228.0,44.0,34.0,193.0,113.0,373.0,269.0,226.0,412.0,305.0,815.0,646.0,553.0,862.0,680.0,755.0,866.0,1024.0,734.0,862.0,754.0,930.0,1209.0,1387.0,1702.0,1936.0,1956.0,1293.0,628.0,367.0,341.0,402.0,542.0,689.0,784.0,875.0,1226.0,1512.0,1566.0,1522.0,1891.0,2397,1863.0
McMinn,7,4,10,14,19,20,14,42,20,46,58,163,,146000,75237.5,167500,186500,150000,158200,174500,171300,218500,218450,300205,289900,245,291,364,413,479,519,588,578,733,890,689,637,,116650,105800,112000,115000,123500,125000,129000,142500,143000,163000,192000,209900,1311,47107,47,107,TN,Tennessee,54.0,87.0,86.0,38.0,104.0,78.0,79.0,67.0,54.0,53.0,150.0,57.0,55.0,69.0,112.0,91.0,65.0,63.0,260.0,48.0,65.0,45.0,49.0,62.0,98.0,69.0,71.0,64.0,43.0,15.0,0.0,13.0,8.0,10.0,24.0,15.0,18.0,14.0,24.0,24.0,27.0,51,114.0
McNairy,8,8,4,5,2,7,3,5,2,3,5,2,,134000,152500,121750,142000,149000,150500,75000,138020,160500,210000,265000,283250,130,136,148,185,168,204,226,184,275,288,275,228,,73450,75000,76000,83500,80000,79750,82525,92600,99000,125000,145000,157450,1083,47109,47,109,TN,Tennessee,69.0,9.0,5.0,13.0,9.0,49.0,17.0,35.0,28.0,30.0,18.0,22.0,19.0,28.0,23.0,24.0,33.0,27.0,24.0,27.0,23.0,26.0,18.0,27.0,28.0,31.0,27.0,24.0,13.0,11.0,72.0,8.0,17.0,2.0,11.0,3.0,5.0,6.0,6.0,6.0,4.0,5,5.0
Meigs,2,1,1,1,1,2,2,3,2,2,3,4,,190250,85000,109900,140000,176270,192000,153500,180000,280000,235500,315000,347500,45,47,51,62,67,100,79,82,78,128,106,93,,160000,112150,127000,159700,135000,170500,153500,195250,204500,217500,247500,265000,2173,47121,47,121,TN,Tennessee,0.0,0.0,0.0,0.0,0.0,0.0,0.0,0.0,0.0,0.0,2.0,1.0,4.0,4.0,5.0,4.0,4.0,4.0,4.0,8.0,7.0,8.0,5.0,88.0,40.0,60.0,111.0,95.0,63.0,40.0,34.0,28.0,21.0,27.0,45.0,45.0,53.0,36.0,40.0,55.0,72.0,132,95.0
Monroe,1,3,2,1,10,19,17,39,5,53,74,45,,103000,140000,216944,141000,166950,166000,189900,200000,194900,245000,299230,345000,233,299,298,325,435,498,530,522,559,561,537,506,,128000,114500,121200,125000,137000,140850,146000,160000,168000,189900,225000,255000,1002,47123,47,123,TN,Tennessee,49.0,45.0,47.0,58.0,50.0,65.0,59.0,58.0,45.0,51.0,88.0,62.0,119.0,112.0,165.0,134.0,143.0,157.0,184.0,173.0,136.0,133.0,166.0,184.0,236.0,276.0,238.0,178.0,114.0,75.0,110.0,53.0,59.0,77.0,74.0,66.0,80.0,95.0,109.0,163.0,212.0,215,182.0
Montgomery,1147,958,458,782,1013,964,1198,1347,281,1799,1409,995,,187700,189900,185700,207500,212000,221000,241850,250000,272900,306000,365000,364900,1858,1878,2013,2156,2600,2829,3478,2675,5328,4774,4525,2966,,144000,144000,147900,151869.5,156000,161000,172500,190000,225000,250000,291000,300000,3180,47125,47,125,TN,Tennessee,749.0,242.0,876.0,1167.0,906.0,957.0,1228.0,1196.0,1169.0,1178.0,833.0,1217.0,1501.0,1943.0,1960.0,2119.0,1796.0,1469.0,1281.0,1301.0,1343.0,1535.0,1544.0,1991.0,2500.0,2622.0,3003.0,1913.0,1325.0,1388.0,1800.0,1850.0,1729.0,1745.0,1446.0,1263.0,1531.0,1716.0,1723.0,2475.0,3634.0,4008,4005.0
Moore,0,0,0,3,2,2,1,5,3,2,7,3,,,,,139000,192250,123750,325000,173000,187000,487500,312000,355000,37,36,29,32,62,69,57,47,60,76,60,54,,125000,130500,125000,140250,165500,160000,160000,164000,164500,207250,263500,284450,1521,47127,47,127,TN,Tennessee,0.0,0.0,0.0,1.0,2.0,4.0,0.0,25.0,37.0,29.0,27.0,22.0,15.0,22.0,55.0,64.0,72.0,9.0,42.0,50.0,70.0,47.0,38.0,44.0,47.0,66.0,72.0,52.0,34.0,29.0,22.0,16.0,17.0,23.0,27.0,27.0,32.0,19.0,21.0,23.0,25.0,30,32.0
Morgan,3,4,2,0,0,1,4,5,,4,11,12,,88000,84000,84750,,,185000,167500,174100,,269225,295000,247500,63,80,70,116,96,102,127,140,117,189,170,127,,76000,85000,105350,91500,97885.5,118500,121000,114750,140000,140000,169950,190000,2481,47129,47,129,TN,Tennessee,0.0,0.0,0.0,0.0,0.0,0.0,0.0,0.0,0.0,0.0,0.0,0.0,0.0,0.0,5.0,1.0,2.0,4.0,0.0,1.0,1.0,0.0,19.0,0.0,0.0,1.0,0.0,4.0,0.0,0.0,2.0,2.0,0.0,1.0,0.0,0.0,0.0,0.0,0.0,0.0,0.0,0,0.0
Obion,5,4,1,4,4,2,9,6,2,13,6,1,,163000,188750,169000,170200,132950,141500,160000,214997,187450,236990,262500,285000,178,188,237,249,277,265,302,325,334,463,340,312,,80000,79000,79000,80000,88500,85000,89642,95000,96250,125000,135000,138149,809,47131,47,131,TN,Tennessee,88.0,31.0,44.0,112.0,131.0,202.0,105.0,113.0,92.0,147.0,86.0,67.0,68.0,102.0,98.0,121.0,117.0,112.0,104.0,143.0,87.0,48.0,70.0,66.0,67.0,47.0,55.0,35.0,32.0,28.0,32.0,15.0,7.0,18.0,11.0,74.0,15.0,12.0,28.0,14.0,20.0,34,24.0
Overton,8,9,13,10,21,31,37,34,10,40,16,27,,123500,132000,137500,140500,149000,159900,174980,199000,207000,285725,329450,309000,92,149,156,142,163,196,198,198,282,269,221,210,,81750,102000,93750,102000,109060,118250,118250,130000,150000,164929,206000,209900,666,47133,47,133,TN,Tennessee,11.0,5.0,49.0,9.0,7.0,4.0,8.0,7.0,9.0,8.0,10.0,6.0,10.0,11.0,7.0,5.0,5.0,32.0,5.0,3.0,3.0,10.0,2.0,1.0,11.0,6.0,4.0,18.0,1.0,1.0,4.0,3.0,5.0,1.0,3.0,3.0,3.0,2.0,5.0,13.0,11.0,8,31.0
Perry,0,0,0,0,0,0,1,1,,1,1,2,,,,,,,,235000,135000,,305000,225000,207500,41,34,50,64,54,60,60,62,70,101,78,81,,65000,72500,70750,58150,71621,92500,80000,93000,89950,132700,146500,160000,810,47135,47,135,TN,Tennessee,0.0,0.0,0.0,0.0,0.0,24.0,0.0,1.0,1.0,1.0,0.0,0.0,3.0,0.0,1.0,0.0,0.0,1.0,0.0,1.0,1.0,0.0,0.0,0.0,0.0,0.0,0.0,0.0,0.0,1.0,1.0,0.0,0.0,0.0,0.0,4.0,5.0,6.0,7.0,8.0,9.0,11,12.0
Pickett,1,0,0,0,1,1,0,2,,2,2,4,,155000,,,,265000,270000,,198250,,282000,347400,425000,24,53,59,62,52,62,77,62,77,67,51,62,,163500,115000,100000,109000,107500,132000,140000,115650,139700,170000,232875,209350,239,47137,47,137,TN,Tennessee,0.0,0.0,0.0,0.0,0.0,0.0,0.0,0.0,0.0,0.0,0.0,0.0,0.0,0.0,0.0,0.0,0.0,0.0,0.0,0.0,0.0,0.0,0.0,0.0,0.0,0.0,0.0,0.0,0.0,0.0,0.0,0.0,0.0,0.0,0.0,0.0,0.0,0.0,0.0,0.0,0.0,0,0.0
Polk,1,0,0,2,2,0,4,6,4,4,8,12,,342900,,,175750,112500,,140000,191500,230900,121000,370000,307450,68,60,76,93,114,128,127,139,131,164,190,148,,109950,104407.5,144250,130000,121950,133700,126500,143000,155000,174000,207500,194000,1839,47139,47,139,TN,Tennessee,0.0,0.0,0.0,0.0,0.0,0.0,0.0,0.0,0.0,0.0,0.0,0.0,0.0,0.0,0.0,0.0,0.0,0.0,0.0,0.0,0.0,0.0,0.0,112.0,113.0,160.0,158.0,215.0,62.0,100.0,101.0,102.0,121.0,137.0,142.0,154.0,164.0,184.0,192.0,198.0,213.0,247,213.0
Putnam,57,65,75,64,108,136,156,158,66,97,168,129,,170000,175000,189000,170450,188950,202400,218950,242950,270450,305000,362450,412500,616,708,786,868,871,920,874,930,1128,1130,891,769,,126750,132950,133000,135350,144000,159950,165000,169265,199250,235000,275000,280000,880,47141,47,141,TN,Tennessee,209.0,58.0,81.0,184.0,211.0,268.0,383.0,277.0,355.0,193.0,173.0,171.0,224.0,235.0,434.0,388.0,253.0,174.0,114.0,164.0,243.0,111.0,469.0,615.0,512.0,715.0,604.0,510.0,563.0,376.0,282.0,299.0,262.0,282.0,424.0,563.0,720.0,543.0,496.0,552.0,588.0,584,595.0
Rhea,7,12,17,18,24,22,22,22,14,33,37,33,,168000,153000,159900,139600,153700,157000,178950,209750,201250,279900,349999,349000,128,135,154,231,268,266,287,286,362,403,335,256,,121870,125000,120000,122000,130000,140000,145000,149950,180000,195000,235000,256500,1961,47143,47,143,TN,Tennessee,46.0,44.0,5.0,4.0,4.0,16.0,18.0,17.0,18.0,22.0,28.0,22.0,16.0,19.0,13.0,16.0,153.0,114.0,148.0,146.0,122.0,133.0,145.0,197.0,178.0,129.0,160.0,141.0,114.0,63.0,52.0,44.0,44.0,91.0,62.0,12.0,85.0,97.0,101.0,209.0,102.0,122,157.0
Roane,2,1,2,1,2,5,29,99,18,86,132,136,,94250,79900,191250,95000,122500,210000,237900,225000,269200,344995,317840,372507.5,265,277,336,444,503,556,615,608,791,885,770,629,,132000,141500,143750,132750,147000,153540,160000,170000,198000,210000,231750,250000,645,47145,47,145,TN,Tennessee,45.0,44.0,39.0,39.0,22.0,13.0,55.0,32.0,27.0,28.0,103.0,85.0,121.0,121.0,63.0,43.0,53.0,42.0,56.0,53.0,34.0,32.0,42.0,68.0,62.0,55.0,290.0,217.0,31.0,92.0,15.0,63.0,15.0,9.0,7.0,8.0,6.0,8.0,103.0,108.0,142.0,151,137.0
Robertson,46,36,77,88,126,168,177,181,51,541,530,468,,152795,159975,198000,209752,244950,248610,249900,270000,274900,328485,389945,374945,471,669,651,900,1012,1082,876,1018,1185,1004,995,829,,147000,152500,160000,160000,175050,185000,200000,225000,255000,285000,340000,335000,244,47147,47,147,TN,Tennessee,114.0,83.0,63.0,254.0,295.0,267.0,375.0,466.0,426.0,302.0,336.0,292.0,302.0,557.0,597.0,815.0,947.0,604.0,762.0,807.0,610.0,677.0,655.0,617.0,533.0,668.0,690.0,526.0,269.0,178.0,159.0,142.0,133.0,207.0,243.0,277.0,370.0,718.0,387.0,520.0,726.0,937,831.0
Rutherford,826,1090,565,1627,1822,2266,2212,2338,1011,3133,2204,2382,,195000,214900,234900,236000,260970,281938,305158,310000,329000,365000,474078,445223,2018,3558,3752,5037,5685,5313,5203,5481,6154,6210,5373,3763,,149125,149000,155500,165000,181000,209000,225400,244000,270000,324000,380000,375000,253,47149,47,149,TN,Tennessee,1019.0,873.0,899.0,1463.0,1856.0,1537.0,2442.0,2499.0,1877.0,1749.0,1437.0,1542.0,1676.0,1960.0,2561.0,3250.0,4127.0,2460.0,3024.0,3222.0,3486.0,3427.0,3118.0,3550.0,5590.0,5011.0,4078.0,3078.0,2566.0,1093.0,1123.0,866.0,1959.0,3057.0,2744.0,3557.0,2826.0,3569.0,3971.0,3888.0,3520.0,3963,2456.0
Scott,2,3,2,9,4,8,5,12,2,10,10,10,,128750,100000,154434.5,132000,169250,162500,179900,160250,108500,227500,292500,351423,33,39,61,67,92,79,85,116,129,129,114,106,,70000,63000,73000,89500,84299.5,92300,110000,90000,144900,150000,162500,161000,2143,47151,47,151,TN,Tennessee,2.0,7.0,67.0,9.0,9.0,9.0,9.0,9.0,9.0,9.0,9.0,10.0,8.0,8.0,6.0,11.0,5.0,20.0,4.0,4.0,4.0,0.0,4.0,10.0,19.0,13.0,9.0,8.0,8.0,7.0,3.0,6.0,3.0,2.0,3.0,4.0,4.0,3.0,9.0,6.0,3.0,8,16.0
Sequatchie,2,1,0,3,1,5,5,11,6,17,23,28,,114750,147500,,90900,250000,160000,174900,185840,223750,269000,292000,332000,81,74,67,97,137,118,145,131,188,216,180,131,,139900,117750,125000,133900,140000,142950,137000,142000,169975,229950,200000,240500,878,47153,47,153,TN,Tennessee,0.0,0.0,0.0,0.0,0.0,0.0,0.0,0.0,0.0,0.0,0.0,12.0,9.0,5.0,9.0,14.0,26.0,33.0,18.0,16.0,23.0,13.0,11.0,9.0,24.0,13.0,18.0,20.0,31.0,18.0,21.0,15.0,8.0,9.0,7.0,3.0,4.0,6.0,10.0,8.0,13.0,11,12.0
Sevier,49,80,124,111,172,181,169,260,35,201,149,140,,154900,146387.5,142322.5,158500,187450,200000,210910,232260,251000,325000,380380,402150,794,772,757,1011,1151,1329,1160,1214,1336,1417,1207,805,,150900,155000,151500,155000,170000,174000,186250,200000,240000,290000,340000,349900,1004,47155,47,155,TN,Tennessee,98.0,213.0,222.0,446.0,421.0,354.0,326.0,219.0,251.0,138.0,263.0,138.0,227.0,175.0,203.0,390.0,434.0,251.0,396.0,487.0,485.0,455.0,605.0,580.0,570.0,838.0,836.0,520.0,349.0,141.0,120.0,198.0,155.0,94.0,248.0,319.0,471.0,801.0,1040.0,1654.0,1155.0,1069,1494.0
Shelby,639,741,152,139,793,681,736,731,175,113,695,686,,231615,236368,233190,269950,282000,307500,326267,352250,395100,388000,504450,475000,4838,5961,6488,7483,7899,8444,9039,10098,11158,12006,10462,8413,,158212,165000,170000,177000,177000,177000,194000,200000,230000,260000,275000,270000,980,47157,47,157,TN,Tennessee,3511.0,1685.0,2163.0,4672.0,7693.0,8812.0,6991.0,6307.0,5956.0,6395.0,4217.0,3975.0,4823.0,5221.0,4892.0,6118.0,6507.0,4175.0,5094.0,6842.0,6734.0,4760.0,5336.0,5510.0,5526.0,5716.0,5118.0,4325.0,1550.0,894.0,1548.0,1400.0,2325.0,2172.0,1516.0,2325.0,2338.0,1692.0,2251.0,1255.0,1878.0,2059,1870.0
Smith,6,4,6,4,7,19,29,22,10,26,28,36,,129400,152850,104950,139382.5,142000,174900,191800,205450,214750,269900,315000,328950,212,294,173,195,233,262,242,196,272,238,246,203,,91750,90000,97000,99300,122000,119250,139450,160750,174950,203000,238000,240900,1223,47159,47,159,TN,Tennessee,10.0,4.0,23.0,27.0,18.0,36.0,6.0,39.0,56.0,65.0,62.0,81.0,57.0,74.0,93.0,67.0,84.0,124.0,54.0,75.0,55.0,73.0,73.0,70.0,26.0,163.0,81.0,97.0,62.0,37.0,47.0,25.0,33.0,30.0,66.0,41.0,62.0,69.0,77.0,75.0,101.0,124,126.0
Stewart,0,5,3,1,1,4,8,3,1,5,5,13,,,135000,194500,146000,149000,179950,138100,120000,274950,265000,330000,362000,88,104,98,98,105,140,156,151,135,204,167,121,,120000,115000,114450,117750,118000,132400,134750,115000,145000,160000,180000,200000,563,47161,47,161,TN,Tennessee,6.0,5.0,8.0,11.0,5.0,52.0,4.0,11.0,7.0,7.0,6.0,5.0,3.0,2.0,2.0,5.0,3.0,5.0,4.0,10.0,3.0,3.0,4.0,4.0,10.0,26.0,22.0,15.0,10.0,2.0,4.0,1.0,2.0,4.0,18.0,0.0,15.0,4.0,6.0,7.0,2.0,3,9.0
Sullivan,84,90,111,80,75,90,109,120,90,213,200,320,,187400,189900,225000,219450,260000,239405,254900,274225,265553,270000,316890,346100,1096,1174,1240,1580,1903,2164,2179,2084,2678,2937,2439,1996,,128500,130000,127250,128825,129900,130000,140000,149175,160000,174900,199900,220000,651,47163,47,163,TN,Tennessee,436.0,146.0,224.0,241.0,672.0,255.0,344.0,204.0,242.0,221.0,539.0,569.0,771.0,709.0,871.0,884.0,748.0,723.0,727.0,715.0,457.0,611.0,738.0,664.0,700.0,776.0,906.0,774.0,364.0,351.0,294.0,194.0,289.0,281.0,249.0,514.0,753.0,571.0,333.0,395.0,482.0,374,600.0
Sumner,403,623,605,755,992,1044,940,944,412,1007,1060,1226,,221500,246445,255070,269900,283003,307032,311648,334322,349435,372916,429746.5,449895,1399,2047,2418,2875,3197,3309,2893,3105,3833,4114,3486,2409,,172900,181000,190000,198900,218000,239999,255000,270000,301175,349900,410000,405000,245,47165,47,165,TN,Tennessee,712.0,455.0,460.0,1438.0,1841.0,1505.0,1411.0,1186.0,1065.0,663.0,1038.0,605.0,756.0,809.0,1315.0,1087.0,1175.0,1214.0,1593.0,1847.0,878.0,1400.0,1216.0,1209.0,1600.0,1818.0,1705.0,1357.0,843.0,566.0,454.0,422.0,592.0,813.0,869.0,1074.0,1341.0,2368.0,1728.0,1416.0,1980.0,1842,1968.0
Tipton,44,52,57,49,75,90,100,121,21,173,138,117,,219250,260000,259900,248200,262300,276210,284000,278000,259900,281990,350000,377966,324,374,474,553,664,717,759,765,987,981,830,710,,125500,139450,138250,132900,145000,150000,159000,169900,189000,205000,237750,240000,1193,47167,47,167,TN,Tennessee,224.0,19.0,30.0,44.0,121.0,109.0,72.0,137.0,178.0,311.0,341.0,451.0,503.0,591.0,506.0,524.0,458.0,469.0,604.0,681.0,483.0,503.0,660.0,512.0,606.0,626.0,557.0,394.0,177.0,300.0,100.0,61.0,91.0,114.0,138.0,105.0,155.0,159.0,183.0,172.0,233.0,263,177.0
Trousdale,3,4,6,13,21,35,30,36,5,50,42,54,,146400,200750,135900,163858,151100,180000,199450,229655,249900,284993,337400,376500,38,56,67,88,72,114,86,124,141,120,137,111,,93250,120000,99900,118700,130500,136500,162500,180500,209900,249950,300000,294900,664,47169,47,169,TN,Tennessee,36.0,36.0,22.0,30.0,17.0,25.0,18.0,26.0,62.0,32.0,48.0,44.0,26.0,72.0,32.0,28.0,50.0,51.0,19.0,21.0,19.0,20.0,22.0,59.0,41.0,44.0,74.0,55.0,26.0,23.0,10.0,24.0,16.0,28.0,45.0,69.0,57.0,88.0,125.0,98.0,83.0,105,124.0
Unicoi,2,0,1,4,3,3,2,0,,3,1,10,,187000,,113900,162000,139900,205000,138000,,,239900,54900,392000,110,111,110,262,158,172,172,188,204,227,214,139,,115450,114000,123750,119250,122000,115000,125000,141000,149000,165000,189000,200000,2227,47171,47,171,TN,Tennessee,7.0,8.0,61.0,15.0,3.0,6.0,4.0,10.0,52.0,8.0,10.0,6.0,6.0,6.0,2.0,13.0,17.0,14.0,20.0,16.0,8.0,13.0,6.0,74.0,28.0,8.0,6.0,14.0,6.0,9.0,15.0,2.0,59.0,7.0,8.0,4.0,18.0,9.0,7.0,4.0,14.0,7,30.0
Union,6,11,9,12,15,35,38,43,12,33,26,23,,153450,139464,134000,181000,144000,146000,153350,163500,177450,213000,286500,320000,64,81,118,139,141,169,153,147,197,198,170,143,,109700,115500,129250,119500,139000,135000,140000,150000,186000,200500,259000,265000,1097,47173,47,173,TN,Tennessee,0.0,0.0,1.0,0.0,2.0,1.0,0.0,0.0,0.0,0.0,40.0,32.0,65.0,57.0,60.0,134.0,133.0,172.0,132.0,125.0,111.0,106.0,162.0,117.0,133.0,155.0,319.0,131.0,78.0,58.0,76.0,45.0,67.0,49.0,50.0,64.0,78.0,97.0,100.0,96.0,97.0,123,117.0
Van Buren,1,0,0,2,1,2,0,1,,5,15,20,,279900,,,104500,113000,274950,,126500,,357920,336664,404841.5,31,28,42,30,41,45,44,60,67,61,72,67,,89500,135000,89500,114450,116500,126000,101000,147000,139900,150000,200000,172000,282,47175,47,175,TN,Tennessee,0.0,0.0,0.0,0.0,0.0,0.0,0.0,0.0,0.0,0.0,0.0,0.0,0.0,0.0,0.0,0.0,0.0,0.0,0.0,0.0,0.0,0.0,0.0,0.0,0.0,0.0,0.0,3.0,2.0,1.0,1.0,1.0,0.0,1.0,0.0,0.0,0.0,2.0,2.0,0.0,5.0,2,6.0
Warren,9,6,7,9,9,12,24,35,17,49,69,78,,97500,127450,116900,119500,132200,145000,147758,165000,189000,269900,279900,275000,280,305,306,324,381,432,487,478,507,521,496,413,,84000,87000,92500,83875,99500,108950,115000,134900,153500,180000,209450,225000,1822,47177,47,177,TN,Tennessee,9.0,8.0,12.0,13.0,22.0,76.0,27.0,24.0,89.0,96.0,52.0,48.0,48.0,62.0,41.0,63.0,82.0,111.0,77.0,153.0,59.0,31.0,20.0,31.0,78.0,29.0,29.0,37.0,124.0,13.0,9.0,42.0,40.0,55.0,52.0,52.0,70.0,77.0,88.0,105.0,115.0,316,260.0
Washington,124,134,106,166,147,183,215,227,60,281,324,295,,196962,223950,228450.5,228330,272500,275000,253000,259900,299650,310000,395000,408000,1107,1082,1346,1524,1768,1868,1934,2043,2298,2541,1987,1549,,154500,155000,151350,149950,157000,159650,165000,170000,195000,214900,249600,280000,1523,47179,47,179,TN,Tennessee,535.0,374.0,358.0,227.0,175.0,170.0,253.0,194.0,257.0,243.0,220.0,304.0,374.0,511.0,410.0,480.0,541.0,563.0,561.0,341.0,483.0,346.0,711.0,850.0,773.0,970.0,1247.0,761.0,909.0,398.0,598.0,317.0,490.0,744.0,654.0,575.0,355.0,574.0,501.0,587.0,880.0,632,823.0
Wayne,0,0,0,1,0,0,0,1,,,,2,,,,,70000,,,,183000,,,,170000,49,61,55,77,80,91,100,96,119,141,144,92,,71000,71000,65000,70000,74100,58000,73000,72500,85000,110000,120000,130000,1304,47181,47,181,TN,Tennessee,4.0,3.0,2.0,5.0,2.0,1.0,0.0,0.0,0.0,2.0,49.0,80.0,3.0,3.0,58.0,9.0,6.0,1.0,1.0,4.0,2.0,26.0,11.0,22.0,26.0,9.0,11.0,4.0,1.0,3.0,8.0,1.0,1.0,0.0,1.0,0.0,0.0,1.0,0.0,0.0,1.0,0,0.0
Weakley,8,12,10,10,6,7,3,6,5,6,12,15,,126500,132500,135400,137250,180700,185000,158000,236000,223000,194500,285000,167500,209,218,220,244,264,285,313,335,359,413,350,255,,84000,76000,85600,79950,86250,90000,89900,89900,119700,126500,140000,146500,1084,47183,47,183,TN,Tennessee,69.0,29.0,53.0,23.0,83.0,43.0,24.0,33.0,38.0,48.0,54.0,44.0,89.0,189.0,202.0,205.0,170.0,190.0,192.0,222.0,136.0,141.0,108.0,71.0,102.0,111.0,92.0,81.0,65.0,52.0,58.0,35.0,36.0,53.0,33.0,23.0,37.0,41.0,55.0,48.0,61.0,64,63.0
White,27,27,14,10,14,24,38,24,15,50,67,85,,119000,139000,131000,154850,162000,163730,154250,190025,190000,264900,292500,284900,179,210,228,277,266,271,292,320,375,321,342,289,,87500,90000,96700,106000,104900,117500,121725,143000,149900,176500,211000,215500,283,47185,47,185,TN,Tennessee,8.0,56.0,41.0,7.0,70.0,9.0,3.0,10.0,10.0,10.0,9.0,8.0,8.0,9.0,18.0,37.0,9.0,11.0,13.0,16.0,38.0,11.0,4.0,5.0,8.0,14.0,10.0,11.0,17.0,7.0,51.0,5.0,5.0,88.0,85.0,87.0,103.0,114.0,138.0,158.0,159.0,192,195.0
Williamson,1115,1440,1497,1720,1784,1794,1956,1604,588,1621,1116,1277,,389900,398412.5,412185,414707,454903,490124,525847,569732,615000,700626,924450,1033211,2792,3574,3663,4071,4046,4203,4154,4462,4714,4842,3559,2937,,317000,332900,346500,374500,395000,422900,447250,475000,515500,650000,800000,775000,2111,47187,47,187,TN,Tennessee,538.0,324.0,514.0,1003.0,830.0,1213.0,1154.0,898.0,1168.0,885.0,653.0,812.0,1095.0,1311.0,1296.0,1519.0,2407.0,2044.0,1916.0,1721.0,1205.0,1347.0,1560.0,1771.0,1947.0,1941.0,1689.0,1083.0,544.0,450.0,569.0,1061.0,1532.0,1386.0,1902.0,2304.0,2759.0,2859.0,2121.0,2467.0,2284.0,2980,2254.0
Wilson,542,733,728,530,411,973,1079,1003,315,1678,1711,910,,227297.5,265300,304951.5,309900,304172,339900,369900,378500,281100,420530.5,412500,482000,999,1442,1686,1975,2152,2140,2151,2317,3582,2478,2147,1598,,194000,205000,211000,228800,247250,268000,284900,299900,349900,385000,457500,448900,2195,47189,47,189,TN,Tennessee,250.0,158.0,277.0,762.0,545.0,645.0,1057.0,1424.0,738.0,706.0,575.0,457.0,541.0,699.0,821.0,857.0,1345.0,1055.0,1073.0,1125.0,824.0,852.0,945.0,1384.0,1089.0,1428.0,1173.0,1247.0,1135.0,511.0,928.0,677.0,792.0,1086.0,1549.0,1357.0,1381.0,2236.0,1383.0,1912.0,2349.0,2371,2349.0
